Gene_set,Term,Term_Name,Overlap,term_size,query_size,P-value,Adjusted P-value,Genes,significant,description,effective_domain_size,precision,recall,query,parents
GO:BP,GO:0035235,ionotropic glutamate receptor signaling pathway,6,23,10,1.4916186632736506e-13,4.430107429922742e-11,2899;2902;2903;2904;2905;2906,True,"""The series of molecular signals initiated by glutamate binding to a glutamate receptor on the surface of the target cell, followed by the movement of ions through a channel in the receptor complex, and ending with the regulation of a downstream cellular process, e.g. transcription."" [GOC:signaling, ISBN:0198506732]",19241,0.6,0.2608695652173913,query_1,"['GO:0007215', 'GO:1990806']"
GO:BP,GO:1990806,ligand-gated ion channel signaling pathway,6,36,10,1.4357193944138534e-12,1.4880111370507804e-10,2899;2902;2903;2904;2905;2906,True,"""The series of molecular signals initiated by activation of a ligand-gated ion channel on the surface of a cell. The pathway begins with binding of an extracellular ligand to a ligand-gated ion channel and ends with a molecular function that directly regulates a downstream cellular process, e.g. transcription."" [GOC:bhm, PMID:25869137]",19241,0.6,0.16666666666666666,query_1,['GO:0007165']
GO:BP,GO:0098976,excitatory chemical synaptic transmission,5,12,10,1.503041552576546e-12,1.4880111370507804e-10,2902;2903;2904;2905;2906,True,"""Synaptic transmission that results in an excitatory postsynaptic potential."" [GOC:dos]",19241,0.5,0.4166666666666667,query_1,['GO:0007268']
GO:BP,GO:0007215,glutamate receptor signaling pathway,6,51,10,6.619643655856887e-12,3.9731132472863244e-10,2899;2902;2903;2904;2905;2906,True,"""The series of molecular signals initiated by the binding of glutamate to its receptor on the surface of a target cell, and ending with the regulation of a downstream cellular process, e.g. transcription."" [GOC:mah, GOC:signaling, PMID:9131252]",19241,0.6,0.11764705882352941,query_1,['GO:0007166']
GO:BP,GO:0051966,"regulation of synaptic transmission, glutamatergic",6,77,10,6.93947066340929e-11,2.2900253189250656e-09,2899;2902;2903;2904;2905;2906,True,"""Any process that modulates the frequency, rate or extent of glutamatergic synaptic transmission, the process of communication from a neuron to another neuron across a synapse using the neurotransmitter glutamate."" [GOC:ai]",19241,0.6,0.07792207792207792,query_1,"['GO:0035249', 'GO:0050804']"
GO:BP,GO:2000463,positive regulation of excitatory postsynaptic potential,5,33,10,2.24182868770156e-10,6.658231202473633e-09,2902;2903;2904;2905;2906,True,"""Any process that enhances the establishment or increases the extent of the excitatory postsynaptic potential (EPSP) which is a temporary increase in postsynaptic potential due to the flow of positively charged ions into the postsynaptic cell. The flow of ions that causes an EPSP is an excitatory postsynaptic current (EPSC) and makes it easier for the neuron to fire an action potential."" [GOC:bf, GOC:BHF]",19241,0.5,0.15151515151515152,query_1,"['GO:0009967', 'GO:0060079', 'GO:0098815']"
GO:BP,GO:0051968,"positive regulation of synaptic transmission, glutamatergic",5,36,10,3.050293215932257e-10,8.235791683017095e-09,2902;2903;2904;2905;2906,True,"""Any process that activates, maintains or increases the frequency, rate or extent of glutamatergic synaptic transmission, the process of communication from a neuron to another neuron across a synapse using the neurotransmitter glutamate."" [GOC:ai]",19241,0.5,0.1388888888888889,query_1,"['GO:0035249', 'GO:0050806', 'GO:0051966']"
GO:BP,GO:0035249,"synaptic transmission, glutamatergic",6,108,10,3.481114791858097e-10,8.61575910984879e-09,2899;2902;2903;2904;2905;2906,True,"""The vesicular release of glutamate from a presynapse, across a chemical synapse, the subsequent activation of glutamate receptors at the postsynapse of a target cell (neuron, muscle, or secretory cell) and the effects of this activation on the postsynaptic membrane potential and ionic composition of the postsynaptic cytosol. This process encompasses both spontaneous and evoked release of neurotransmitter and all parts of synaptic vesicle exocytosis. Evoked transmission starts with the arrival of an action potential at the presynapse."" [GOC:dos]",19241,0.6,0.05555555555555555,query_1,['GO:0007268']
GO:BP,GO:0098815,modulation of excitatory postsynaptic potential,5,50,10,1.3293143975160213e-09,2.6320425070817222e-08,2902;2903;2904;2905;2906,True,"""Any process that modulates the frequency, rate or extent of excitatory postsynaptic potential (EPSP). EPSP is a process that leads to a temporary increase in postsynaptic potential due to the flow of positively charged ions into the postsynaptic cell. The flow of ions that causes an EPSP is an excitatory postsynaptic current (EPSC) and makes it easier for the neuron to fire an action potential."" [GOC:dos]",19241,0.5,0.1,query_1,"['GO:0009966', 'GO:0031644', 'GO:0042391', 'GO:0050804', 'GO:0060079']"
GO:BP,GO:0060078,regulation of postsynaptic membrane potential,6,148,10,1.903360182623191e-09,3.533112338994298e-08,2899;2902;2903;2904;2905;2906,True,"""Any process that modulates the potential difference across a post-synaptic membrane."" [GOC:dph, GOC:ef]",19241,0.6,0.04054054054054054,query_1,['GO:0042391']
GO:BP,GO:0048168,regulation of neuronal synaptic plasticity,5,58,10,2.3480524308886875e-09,4.1021857174937654e-08,2902;2903;2904;2905;2906,True,"""A process that modulates neuronal synaptic plasticity, the ability of neuronal synapses to change as circumstances require. They may alter function, such as increasing or decreasing their sensitivity, or they may increase or decrease in actual numbers."" [GOC:jid, PMID:11891290]",19241,0.5,0.08620689655172414,query_1,['GO:0048167']
GO:BP,GO:0060079,excitatory postsynaptic potential,5,108,10,5.179523764956059e-08,6.688341557356303e-07,2902;2903;2904;2905;2906,True,"""A process that leads to a temporary increase in postsynaptic potential due to the flow of positively charged ions into the postsynaptic cell. The flow of ions that causes an EPSP is an excitatory postsynaptic current (EPSC) and makes it easier for the neuron to fire an action potential."" [GOC:dph, GOC:ef]",19241,0.5,0.046296296296296294,query_1,"['GO:0060078', 'GO:0099565']"
GO:BP,GO:0099565,"chemical synaptic transmission, postsynaptic",5,118,10,6.953298000648408e-08,8.260518024770307e-07,2902;2903;2904;2905;2906,True,"""The part of synaptic transmission occurring in the post-synapse: a signal transduction pathway consisting of neurotransmitter receptor activation and its effects on postsynaptic membrane potential and the ionic composition of the postsynaptic cytosol."" [GOC:dos]",19241,0.5,0.0423728813559322,query_1,"['GO:0007166', 'GO:0007268', 'GO:0050877']"
GO:BP,GO:0031644,regulation of nervous system process,5,118,10,6.953298000648408e-08,8.260518024770307e-07,2902;2903;2904;2905;2906,True,"""Any process that modulates the frequency, rate or extent of a neurophysiological process, an organ system process carried out by any of the organs or tissues of the nervous system."" [GOC:dph, GOC:mah, GOC:tb]",19241,0.5,0.0423728813559322,query_1,"['GO:0044057', 'GO:0050877']"
GO:BP,GO:0050806,positive regulation of synaptic transmission,5,164,10,3.41382330448443e-07,3.755205634932873e-06,2902;2903;2904;2905;2906,True,"""Any process that activates or increases the frequency, rate or extent of synaptic transmission, the process of communication from a neuron to a target (neuron, muscle, or secretory cell) across a synapse."" [GOC:ai]",19241,0.5,0.03048780487804878,query_1,"['GO:0007268', 'GO:0010647', 'GO:0023056', 'GO:0050804']"
GO:BP,GO:0097553,calcium ion transmembrane import into cytosol,5,179,10,4.967029560915899e-07,5.26859921282865e-06,2902;2903;2904;2905;2906,True,"""A process in which a calcium ion is transported from one side of a membrane to the other into the cytosol by means of some agent such as a transporter or pore."" [GOC:vw]",19241,0.5,0.027932960893854747,query_1,['GO:0070588']
GO:BP,GO:0042391,regulation of membrane potential,6,458,10,9.415888681664392e-07,9.321729794847749e-06,2899;2902;2903;2904;2905;2906,True,"""Any process that modulates the establishment or extent of a membrane potential, the electric potential existing across any membrane arising from charges in the membrane itself and from the charges present in the media on either side of the membrane."" [GOC:jl, GOC:mtg_cardio, GOC:tb, ISBN:0198506732]",19241,0.6,0.013100436681222707,query_1,['GO:0065008']
GO:BP,GO:0048167,regulation of synaptic plasticity,5,207,10,9.415888681664392e-07,9.321729794847749e-06,2902;2903;2904;2905;2906,True,"""A process that modulates synaptic plasticity, the ability of synapses to change as circumstances require. They may alter function, such as increasing or decreasing their sensitivity, or they may increase or decrease in actual numbers."" [GOC:dph, GOC:jid, GOC:tb, PMID:11891290]",19241,0.5,0.024154589371980676,query_1,"['GO:0050804', 'GO:0065008']"
GO:BP,GO:0050804,modulation of chemical synaptic transmission,6,497,10,1.3564584244384368e-06,1.1849063295829874e-05,2899;2902;2903;2904;2905;2906,True,"""Any process that modulates the frequency or amplitude of synaptic transmission, the process of communication from a neuron to a target (neuron, muscle, or secretory cell) across a synapse. Amplitude, in this case, refers to the change in postsynaptic membrane potential due to a single instance of synaptic transmission."" [GOC:ai]",19241,0.6,0.012072434607645875,query_1,"['GO:0007268', 'GO:0099177']"
GO:BP,GO:0099177,regulation of trans-synaptic signaling,6,498,10,1.3564584244384368e-06,1.1849063295829874e-05,2899;2902;2903;2904;2905;2906,True,"""Any process that modulates the frequency, rate or extent of trans-synaptic signaling."" [GOC:dos]",19241,0.6,0.012048192771084338,query_1,"['GO:0010646', 'GO:0023051', 'GO:0099537']"
GO:BP,GO:0019722,calcium-mediated signaling,5,231,10,1.3564584244384368e-06,1.1849063295829874e-05,2902;2903;2904;2905;2906,True,"""Any intracellular signal transduction in which the signal is passed on within the cell via calcium ions."" [GOC:signaling]",19241,0.5,0.021645021645021644,query_1,['GO:0141124']
GO:BP,GO:0060291,long-term synaptic potentiation,4,94,10,2.477704734094084e-06,1.9888602865566025e-05,2903;2904;2905;2906,True,"""A process that modulates synaptic plasticity such that synapses are changed resulting in the increase in the rate, or frequency of synaptic transmission at the synapse."" [GOC:dgh, GOC:dph]",19241,0.4,0.0425531914893617,query_1,"['GO:0048167', 'GO:0050806']"
GO:BP,GO:1904062,regulation of monoatomic cation transmembrane transport,5,283,10,3.4066397799593564e-06,2.529430036619822e-05,2902;2903;2904;2905;2906,True,"""Any process that modulates the frequency, rate or extent of cation transmembrane transport."" [GO_REF:0000058, GOC:TermGenie, PMID:15304482]",19241,0.5,0.0176678445229682,query_1,"['GO:0034765', 'GO:0098655']"
GO:BP,GO:0034765,regulation of monoatomic ion transmembrane transport,5,320,10,6.010794971262062e-06,4.3541612352800786e-05,2902;2903;2904;2905;2906,True,"""Any process that modulates the frequency, rate or extent of the directed movement of ions from one side of a membrane to the other."" [GOC:mah]",19241,0.5,0.015625,query_1,"['GO:0034220', 'GO:0034762', 'GO:0043269']"
GO:BP,GO:0070588,calcium ion transmembrane transport,5,336,10,7.349838048147506e-06,5.197385476904308e-05,2902;2903;2904;2905;2906,True,"""A process in which a calcium ion is transported from one side of a membrane to the other by means of some agent such as a transporter or pore."" [GOC:mah]",19241,0.5,0.01488095238095238,query_1,"['GO:0006816', 'GO:0098655', 'GO:0098662']"
GO:BP,GO:0099505,regulation of presynaptic membrane potential,3,30,10,7.787982699292688e-06,5.379141538813786e-05,2899;2904;2906,True,"""Any process that modulates the potential difference across a presynaptic membrane."" [GOC:dph, GOC:ef]",19241,0.3,0.1,query_1,['GO:0042391']
GO:BP,GO:0007420,brain development,6,748,10,1.1442293180405614e-05,7.233034793348815e-05,2902;2903;2904;2905;2906;54768,True,"""The process whose specific outcome is the progression of the brain over time, from its formation to the mature structure. Brain development begins with patterning events in the neural tube and ends with the mature structure that is the center of thought and emotion. The brain is responsible for the coordination and control of bodily activities and the interpretation of information from the senses (sight, hearing, smell, etc.)."" [GOC:dph, GOC:jid, GOC:tb, UBERON:0000955]",19241,0.6,0.008021390374331552,query_1,"['GO:0007417', 'GO:0048513', 'GO:0060322']"
GO:BP,GO:0098916,anterograde trans-synaptic signaling,6,758,10,1.1518632185910734e-05,7.233034793348815e-05,2899;2902;2903;2904;2905;2906,True,"""Cell-cell signaling from pre to post-synapse, across the synaptic cleft."" [GOC:dos]",19241,0.6,0.0079155672823219,query_1,['GO:0099537']
GO:BP,GO:0007268,chemical synaptic transmission,6,758,10,1.1518632185910734e-05,7.233034793348815e-05,2899;2902;2903;2904;2905;2906,True,"""The vesicular release of classical neurotransmitter molecules from a presynapse, across a chemical synapse, the subsequent activation of neurotransmitter receptors at the postsynapse of a target cell (neuron, muscle, or secretory cell) and the effects of this activation on the postsynaptic membrane potential and ionic composition of the postsynaptic cytosol. This process encompasses both spontaneous and evoked release of neurotransmitter and all parts of synaptic vesicle exocytosis. Evoked transmission starts with the arrival of an action potential at the presynapse."" [GOC:jl, MeSH:D009435]",19241,0.6,0.0079155672823219,query_1,['GO:0098916']
GO:BP,GO:0099537,trans-synaptic signaling,6,764,10,1.1663014310544355e-05,7.233034793348815e-05,2899;2902;2903;2904;2905;2906,True,"""Cell-cell signaling in either direction across the synaptic cleft."" [GOC:dos]",19241,0.6,0.007853403141361256,query_1,['GO:0099536']
GO:BP,GO:0033058,directional locomotion,2,3,10,1.1689753201371823e-05,7.233034793348815e-05,2903;2905,True,"""Self-propelled movement of a cell or organism from one location to another along an axis."" [GOC:mtg_MIT_16mar07]",19241,0.2,0.6666666666666666,query_1,['GO:0040011']
GO:BP,GO:0099536,synaptic signaling,6,789,10,1.3211612160775558e-05,8.007854717857838e-05,2899;2902;2903;2904;2905;2906,True,"""Cell-cell signaling to, from or within a synapse."" [GOC:dos]",19241,0.6,0.0076045627376425855,query_1,['GO:0007267']
GO:BP,GO:0060322,head development,6,800,10,1.3896432109376682e-05,8.254480672969749e-05,2902;2903;2904;2905;2906;54768,True,"""The biological process whose specific outcome is the progression of a head from an initial condition to its mature state. The head is the anterior-most division of the body."" [GOC:dph]",19241,0.6,0.0075,query_1,['GO:0048856']
GO:BP,GO:0006816,calcium ion transport,5,430,10,1.8291937363154925e-05,0.00010652363523249045,2902;2903;2904;2905;2906,True,"""The directed movement of calcium (Ca) ions into, out of or within a cell, or between cells, by means of some agent such as a transporter or pore."" [GOC:ai]",19241,0.5,0.011627906976744186,query_1,['GO:0030001']
GO:BP,GO:0034762,regulation of transmembrane transport,5,440,10,1.9900605648293638e-05,0.00011366307456813866,2902;2903;2904;2905;2906,True,"""Any process that modulates the frequency, rate or extent of the directed movement of a solute from one side of a membrane to the other."" [GOC:mah]",19241,0.5,0.011363636363636364,query_1,"['GO:0050794', 'GO:0051049', 'GO:0055085']"
GO:BP,GO:0043269,regulation of monoatomic ion transport,5,449,10,2.1376576851541177e-05,0.00011978949669637227,2902;2903;2904;2905;2906,True,"""Any process that modulates the frequency, rate or extent of the directed movement of charged atoms or small charged molecules into, out of or within a cell, or between cells, by means of some agent such as a transporter or pore."" [GOC:jl]",19241,0.5,0.011135857461024499,query_1,"['GO:0006811', 'GO:0051049']"
GO:BP,GO:0009967,positive regulation of signal transduction,7,1573,10,3.1141410920459476e-05,0.0001712777600625271,2902;2903;2904;2905;2906;5499;5518,True,"""Any process that activates or increases the frequency, rate or extent of signal transduction."" [GOC:sm]",19241,0.7,0.004450095359186269,query_1,"['GO:0007165', 'GO:0009966', 'GO:0010647', 'GO:0023056', 'GO:0048584']"
GO:BP,GO:0034220,monoatomic ion transmembrane transport,6,1035,10,5.441036275522513e-05,0.0002910684909935095,2899;2902;2903;2904;2905;2906,True,"""A process in which a monoatomic ion is transported across a membrane. Monatomic ions (also called simple ions) are ions consisting of exactly one atom."" [GOC:mah]",19241,0.6,0.005797101449275362,query_1,"['GO:0006811', 'GO:0055085']"
GO:BP,GO:0044057,regulation of system process,5,553,10,5.488160099540919e-05,0.0002910684909935095,2902;2903;2904;2905;2906,True,"""Any process that modulates the frequency, rate or extent of a system process, a multicellular organismal process carried out by any of the organs or tissues in an organ system."" [GOC:jl]",19241,0.5,0.009041591320072333,query_1,"['GO:0003008', 'GO:0051239']"
GO:BP,GO:0007417,central nervous system development,6,1055,10,5.778023859521908e-05,0.00030106545373298363,2902;2903;2904;2905;2906;54768,True,"""The process whose specific outcome is the progression of the central nervous system over time, from its formation to the mature structure. The central nervous system is the core nervous system that serves an integrating and coordinating function. In vertebrates it consists of the brain and spinal cord. In those invertebrates with a central nervous system it typically consists of a brain, cerebral ganglia and a nerve cord."" [GOC:bf, GOC:jid, ISBN:0582227089]",19241,0.6,0.005687203791469194,query_1,"['GO:0007399', 'GO:0048731']"
GO:BP,GO:0023056,positive regulation of signaling,7,1774,10,6.189686424657606e-05,0.0003115825200208998,2902;2903;2904;2905;2906;5499;5518,True,"""Any process that activates, maintains or increases the frequency, rate or extent of a signaling process."" [GOC:mtg_signal]",19241,0.7,0.003945885005636978,query_1,"['GO:0023051', 'GO:0023052', 'GO:0048518']"
GO:BP,GO:0010647,positive regulation of cell communication,7,1773,10,6.189686424657606e-05,0.0003115825200208998,2902;2903;2904;2905;2906;5499;5518,True,"""Any process that increases the frequency, rate or extent of cell communication. Cell communication is the process that mediates interactions between a cell and its surroundings. Encompasses interactions such as signaling or attachment between one cell and another cell, between a cell and an extracellular matrix, or between a cell and any other aspect of its environment."" [GOC:dph, GOC:tb]",19241,0.7,0.003948110547095319,query_1,"['GO:0007154', 'GO:0010646', 'GO:0048522']"
GO:BP,GO:0007166,cell surface receptor signaling pathway,8,2740,10,6.65800751134214e-05,0.00032957137181143593,2899;2902;2903;2904;2905;2906;5499;5518,True,"""The series of molecular signals initiated by an extracellular ligand binding to a receptor located on the cell surface. The pathway ends with regulation of a downstream cellular process, e.g. transcription."" [GOC:signaling]",19241,0.8,0.00291970802919708,query_1,['GO:0007165']
GO:BP,GO:0141124,intracellular signaling cassette,7,1901,10,9.415066898352512e-05,0.00045840571619847477,2902;2903;2904;2905;2906;5501;5518,True,"""An intracellular signaling module that is part of larger signaling pathways that can be initiated either intracellularly or by cell surface receptors. Intracellular signaling cassettes are discrete signaling units that are often shared by multiple signaling pathways."" [GOC:ha, GOC:pg]",19241,0.7,0.003682272488164124,query_1,['GO:0035556']
GO:BP,GO:2001241,positive regulation of extrinsic apoptotic signaling pathway in absence of ligand,2,10,10,0.00012055990590906462,0.0005775208395966483,5499;5518,True,"""Any process that activates or increases the frequency, rate or extent of extrinsic apoptotic signaling pathway in absence of ligand."" [GOC:mtg_apoptosis]",19241,0.2,0.2,query_1,"['GO:0097192', 'GO:2001238', 'GO:2001239']"
GO:BP,GO:0006811,monoatomic ion transport,6,1266,10,0.00014455812389199454,0.0006814882983479743,2899;2902;2903;2904;2905;2906,True,"""The directed movement of a monoatomic ion into, out of or within a cell, or between cells, by means of some agent such as a transporter or pore. Monatomic ions (also called simple ions) are ions consisting of exactly one atom."" [GOC:ai]",19241,0.6,0.004739336492890996,query_1,['GO:0006810']
GO:BP,GO:0009416,response to light stimulus,4,322,10,0.0001578917937762427,0.0007327166054928762,2902;2903;5499;5501,True,"""Any process that results in a change in state or activity of a cell or an organism (in terms of movement, secretion, enzyme production, gene expression, etc.) as a result of a light stimulus, electromagnetic radiation of wavelengths classified as infrared, visible or ultraviolet light."" [GOC:go_curators, ISBN:0582227089]",19241,0.4,0.012422360248447204,query_1,['GO:0009314']
GO:BP,GO:0007267,cell-cell signaling,6,1323,10,0.00017859767404312558,0.0008160539875508969,2899;2902;2903;2904;2905;2906,True,"""Any process that mediates the transfer of information from one cell to another. This process includes signal transduction in the receiving cell and, where applicable, release of a ligand and any processes that actively facilitate its transport and presentation to the receiving cell. Examples include signaling via soluble ligands, via cell adhesion molecules and via gap junctions."" [GOC:dos, GOC:mah]",19241,0.6,0.0045351473922902496,query_1,"['GO:0007154', 'GO:0023052']"
GO:BP,GO:0051290,protein heterotetramerization,2,16,10,0.0002947579835368066,0.0012687408856584285,2902;2904,True,"""The formation of a protein heterotetramer, a macromolecular structure consisting of four noncovalently associated subunits, of which not all are identical."" [GOC:go_curators]",19241,0.2,0.125,query_1,"['GO:0051262', 'GO:0051291']"
GO:BP,GO:0048584,positive regulation of response to stimulus,7,2309,10,0.00030451713862176784,0.0012920227167237863,2902;2903;2904;2905;2906;5499;5518,True,"""Any process that activates, maintains or increases the rate of a response to a stimulus. Response to stimulus is a change in state or activity of a cell or an organism (in terms of movement, secretion, enzyme production, gene expression, etc.) as a result of a stimulus."" [GOC:jid]",19241,0.7,0.0030316154179298397,query_1,"['GO:0048518', 'GO:0048583', 'GO:0050896']"
GO:BP,GO:0023051,regulation of signaling,8,3445,10,0.0003189415136490333,0.0012976113637501766,2899;2902;2903;2904;2905;2906;5499;5518,True,"""Any process that modulates the frequency, rate or extent of a signaling process."" [GOC:mtg_signal]",19241,0.8,0.0023222060957910013,query_1,"['GO:0023052', 'GO:0050789']"
GO:BP,GO:0098662,inorganic cation transmembrane transport,5,843,10,0.0003189415136490333,0.0012976113637501766,2902;2903;2904;2905;2906,True,"""A process in which an inorganic cation is transported from one side of a membrane to the other by means of some agent such as a transporter or pore."" [GOC:mah]",19241,0.5,0.005931198102016607,query_1,['GO:0098660']
GO:BP,GO:0010646,regulation of cell communication,8,3453,10,0.0003189415136490333,0.0012976113637501766,2899;2902;2903;2904;2905;2906;5499;5518,True,"""Any process that modulates the frequency, rate or extent of cell communication. Cell communication is the process that mediates interactions between a cell and its surroundings. Encompasses interactions such as signaling or attachment between one cell and another cell, between a cell and an extracellular matrix, or between a cell and any other aspect of its environment."" [GOC:dph, GOC:tb]",19241,0.8,0.0023168259484506225,query_1,"['GO:0007154', 'GO:0050794']"
GO:BP,GO:0045471,response to ethanol,3,131,10,0.00032895629280160136,0.0013202705265145352,2902;2903;2904,True,"""Any process that results in a change in state or activity of a cell or an organism (in terms of movement, secretion, enzyme production, gene expression, etc.) as a result of an ethanol stimulus."" [GOC:go_curators]",19241,0.3,0.022900763358778626,query_1,['GO:0097305']
GO:BP,GO:0098655,monoatomic cation transmembrane transport,5,865,10,0.00034218864080072205,0.0013550670175708592,2902;2903;2904;2905;2906,True,"""The process in which a monoatomic cation is transported across a membrane. Monatomic cations (also called simple cations) are positively charged ions consisting of exactly one atom."" [GOC:dos, GOC:vw]",19241,0.5,0.005780346820809248,query_1,"['GO:0006812', 'GO:0034220']"
GO:BP,GO:0030001,metal ion transport,5,874,10,0.0003532589730615285,0.0013804988815693943,2902;2903;2904;2905;2906,True,"""The directed movement of metal ions, any metal ion with an electric charge, into, out of or within a cell, or between cells, by means of some agent such as a transporter or pore."" [GOC:ai]",19241,0.5,0.005720823798627002,query_1,['GO:0006812']
GO:BP,GO:0055085,transmembrane transport,6,1549,10,0.00037180108658562463,0.0014340899054016952,2899;2902;2903;2904;2905;2906,True,"""The process in which a solute is transported across a lipid bilayer, from one side of a membrane to the other."" [GOC:dph, GOC:jid]",19241,0.6,0.003873466752743706,query_1,"['GO:0006810', 'GO:0009987']"
GO:BP,GO:0009314,response to radiation,4,435,10,0.000416178954096705,0.0015846814021374534,2902;2903;5499;5501,True,"""Any process that results in a change in state or activity of a cell or an organism (in terms of movement, secretion, enzyme production, gene expression, etc.) as a result of an electromagnetic radiation stimulus. Electromagnetic radiation is a propagating wave in space with electric and magnetic components. These components oscillate at right angles to each other and to the direction of propagation."" [GOC:jl, Wikipedia:Electromagnetic_radiation]",19241,0.4,0.009195402298850575,query_1,['GO:0009628']
GO:BP,GO:0051049,regulation of transport,6,1599,10,0.00043063293514928637,0.001618961794168836,2902;2903;2904;2905;2906;5501,True,"""Any process that modulates the frequency, rate or extent of the directed movement of substances (such as macromolecules, small molecules, ions) into, out of or within a cell, or between cells, by means of some agent such as a transporter or pore."" [GOC:ai]",19241,0.6,0.00375234521575985,query_1,"['GO:0006810', 'GO:0032879']"
GO:BP,GO:0098660,inorganic ion transmembrane transport,5,933,10,0.0004513868684822263,0.0016757737492402653,2902;2903;2904;2905;2906,True,"""The process in which an inorganic ion is transported across a membrane."" [GOC:mah]",19241,0.5,0.0053590568060021436,query_1,['GO:0055085']
GO:BP,GO:0007399,nervous system development,7,2589,10,0.0005333957846139867,0.0019172489150614375,2902;2903;2904;2905;2906;54768;5501,True,"""The process whose specific outcome is the progression of nervous tissue over time, from its formation to its mature state."" [GOC:dgh]",19241,0.7,0.0027037466203167246,query_1,['GO:0048731']
GO:BP,GO:0043153,entrainment of circadian clock by photoperiod,2,24,10,0.0005346067714171852,0.0019172489150614375,5499;5501,True,"""The synchronization of a circadian rhythm to photoperiod, the intermittent cycle of light (day) and dark (night)."" [GOC:jl]",19241,0.2,0.08333333333333333,query_1,"['GO:0009648', 'GO:0009649']"
GO:BP,GO:0009648,photoperiodism,2,27,10,0.0006580864386968385,0.002246570945896104,5499;5501,True,"""Any process that results in a change in state or activity of an organism (in terms of movement, secretion, enzyme production, gene expression, etc.) as a result of detection of, or exposure to, a period of light or dark of a given length, measured relative to a particular duration known as the 'critical day length'. The critical day length varies between species."" [GOC:jid, GOC:pj, ISBN:0582015952, ISBN:0697037754, ISBN:0709408862]",19241,0.2,0.07407407407407407,query_1,['GO:0009416']
GO:BP,GO:0050905,neuromuscular process,3,175,10,0.0006580864386968385,0.002246570945896104,2903;2905;2906,True,"""Any process pertaining to the functions of the nervous and muscular systems of an organism."" [GOC:ai]",19241,0.3,0.017142857142857144,query_1,['GO:0050877']
GO:BP,GO:0006812,monoatomic cation transport,5,1056,10,0.0007423125566776045,0.0024771553857668373,2902;2903;2904;2905;2906,True,"""The directed movement of a monoatomic cation, into, out of or within a cell, or between cells, by means of some agent such as a transporter or pore. Monatomic cations (also called simple cations) are positively charged ions consisting of exactly one atom."" [GOC:ai]",19241,0.5,0.004734848484848485,query_1,['GO:0006811']
GO:BP,GO:0009649,entrainment of circadian clock,2,29,10,0.0007423125566776045,0.0024771553857668373,5499;5501,True,"""The synchronization of a circadian rhythm to environmental time cues such as light."" [GOC:jid]",19241,0.2,0.06896551724137931,query_1,"['GO:0009605', 'GO:0042752']"
GO:BP,GO:0001964,startle response,2,30,10,0.0007669638150093929,0.0025031676160196673,2903;2906,True,"""An action or movement due to the application of a sudden unexpected stimulus."" [GOC:dph]",19241,0.2,0.06666666666666667,query_1,"['GO:0009605', 'GO:0050905']"
GO:BP,GO:0051291,protein heterooligomerization,2,30,10,0.0007669638150093929,0.0025031676160196673,2902;2904,True,"""The process of creating protein oligomers, compounds composed of a small number, usually between three and ten, of component monomers that are not all identical. Oligomers may be formed by the polymerization of a number of monomers or the depolymerization of a large protein polymer."" [GOC:ai]",19241,0.2,0.06666666666666667,query_1,['GO:0051259']
GO:BP,GO:0048731,system development,8,4032,10,0.0007947483613988751,0.0025656550362550645,2902;2903;2904;2905;2906;54768;5499;5501,True,"""The process whose specific outcome is the progression of an organismal system over time, from its formation to the mature structure. A system is a regularly interacting or interdependent group of organs or tissues that work together to carry out a given biological process."" [GOC:dph, GOC:jid]",19241,0.8,0.001984126984126984,query_1,"['GO:0007275', 'GO:0048856']"
GO:BP,GO:0035556,intracellular signal transduction,7,2946,10,0.0010872785361986086,0.003435337502670072,2902;2903;2904;2905;2906;5501;5518,True,"""The process in which a signal is passed on to downstream components within the cell, which become activated themselves to further propagate the signal and finally trigger a change in the function or state of the cell."" [GOC:bf, GOC:jl, GOC:signaling, ISBN:3527303782]",19241,0.7,0.0023761031907671417,query_1,['GO:0007165']
GO:BP,GO:0007165,signal transduction,9,5868,10,0.0011546064834165334,0.003609664479733794,2899;2902;2903;2904;2905;2906;5499;5501;5518,True,"""The cellular process in which a signal is conveyed to trigger a change in the activity or state of a cell. Signal transduction begins with reception of a signal (e.g. a ligand binding to a receptor or receptor activation by a stimulus such as light), or for signal transduction in the absence of ligand, signal-withdrawal or the activity of a constitutively active receptor. Signal transduction ends with regulation of a downstream cellular process, e.g. regulation of transcription or regulation of a metabolic process. Signal transduction covers signaling from receptors located on the surface of the cell and signaling via molecules located within the cell. For signaling between cells, signal transduction is restricted to events at and within the receiving cell."" [GOC:go_curators, GOC:mtg_signaling_feb11]",19241,0.9,0.0015337423312883436,query_1,"['GO:0007154', 'GO:0009987', 'GO:0023052', 'GO:0050794', 'GO:0051716']"
GO:BP,GO:0009966,regulation of signal transduction,7,3018,10,0.0012378805231142338,0.0037902114986074994,2902;2903;2904;2905;2906;5499;5518,True,"""Any process that modulates the frequency, rate or extent of signal transduction."" [GOC:sm]",19241,0.7,0.0023194168323392977,query_1,"['GO:0007165', 'GO:0010646', 'GO:0023051', 'GO:0048583']"
GO:BP,GO:0048856,anatomical structure development,9,5951,10,0.0012675787434407398,0.003841539661243875,2902;2903;2904;2905;2906;54768;5499;5501;5518,True,"""The biological process whose specific outcome is the progression of an anatomical structure from an initial condition to its mature state. This process begins with the formation of the structure and ends with the mature structure, whatever form that may be including its natural destruction. An anatomical structure is any biological entity that occupies space and is distinguished from its surroundings. Anatomical structures can be macroscopic such as a carpel, or microscopic such as an acrosome."" [GO_REF:0000021]",19241,0.9,0.001512350865400773,query_1,['GO:0032502']
GO:BP,GO:0032879,regulation of localization,6,2020,10,0.0012893410862818554,0.0038627149947681426,2902;2903;2904;2905;2906;5501,True,"""Any process that modulates the frequency, rate or extent of any process in which a cell, a substance, or a cellular entity is transported to, or maintained in, a specific location."" [GOC:mah]",19241,0.6,0.0029702970297029703,query_1,"['GO:0050789', 'GO:0051179']"
GO:BP,GO:0048513,animal organ development,7,3060,10,0.001300577439315873,0.0038627149947681426,2902;2903;2904;2905;2906;54768;5499,True,"""Development of a tissue or tissues that work together to perform a specific function or functions. Development pertains to the process whose specific outcome is the progression of a structure over time, from its formation to the mature structure. Organs are commonly observed as visibly distinct structures, but may also exist as loosely associated clusters of cells that work together to perform a specific function or functions."" [GOC:dph, GOC:jid]",19241,0.7,0.0022875816993464053,query_1,['GO:0048856']
GO:BP,GO:2001239,regulation of extrinsic apoptotic signaling pathway in absence of ligand,2,47,10,0.0016892963580302123,0.0048375873411532905,5499;5518,True,"""Any process that modulates the frequency, rate or extent of extrinsic apoptotic signaling pathway in absence of ligand."" [GOC:mtg_apoptosis]",19241,0.2,0.0425531914893617,query_1,"['GO:0097192', 'GO:2001236']"
GO:BP,GO:0007610,behavior,4,672,10,0.0016892963580302123,0.0048375873411532905,2902;2903;2904;2906,True,"""The internally coordinated responses (actions or inactions) of animals (individuals or groups) to internal or external stimuli, via a mechanism that involves nervous system activity."" [GOC:ems, GOC:jl, ISBN:0395448956, PMID:20160973]",19241,0.4,0.005952380952380952,query_1,['GO:0032501']
GO:BP,GO:2001238,positive regulation of extrinsic apoptotic signaling pathway,2,51,10,0.0019237499379404783,0.005390129543097378,5499;5518,True,"""Any process that activates or increases the frequency, rate or extent of extrinsic apoptotic signaling pathway."" [GOC:mtg_apoptosis]",19241,0.2,0.0392156862745098,query_1,"['GO:0097191', 'GO:2001235', 'GO:2001236']"
GO:BP,GO:0008542,visual learning,2,51,10,0.0019237499379404783,0.005390129543097378,2902;2903,True,"""Any process in an organism in which a change in behavior of an individual occurs in response to repeated exposure to a visual cue."" [GOC:jid, ISBN:0582227089]",19241,0.2,0.0392156862745098,query_1,"['GO:0007632', 'GO:0008306']"
GO:BP,GO:0097305,response to alcohol,3,276,10,0.0020200522535258917,0.005403682127679072,2902;2903;2904,True,"""Any process that results in a change in state or activity of a cell or an organism (in terms of movement, secretion, enzyme production, gene expression, etc.) as a result of an alcohol stimulus."" [GOC:pr, PMID:24014527]",19241,0.3,0.010869565217391304,query_1,['GO:1901700']
GO:BP,GO:0007611,learning or memory,3,281,10,0.002028918344475792,0.005403682127679072,2902;2903;2904,True,"""The acquisition and processing of information and/or the storage and retrieval of this information over time."" [GOC:jid, PMID:8938125]",19241,0.3,0.010676156583629894,query_1,"['GO:0007610', 'GO:0050890']"
GO:BP,GO:1903539,protein localization to postsynaptic membrane,2,54,10,0.002028918344475792,0.005403682127679072,2903;2905,True,"""A process in which a protein is transported to, or maintained in, a location within a postsynaptic membrane."" [GO_REF:0000087, GOC:kmv, GOC:TermGenie, PMID:9753322]",19241,0.2,0.037037037037037035,query_1,"['GO:0062237', 'GO:0072657', 'GO:1990778']"
GO:BP,GO:0007154,cell communication,9,6388,10,0.002028918344475792,0.005403682127679072,2899;2902;2903;2904;2905;2906;5499;5501;5518,True,"""Any process that mediates interactions between a cell and its surroundings. Encompasses interactions such as signaling or attachment between one cell and another cell, between a cell and an extracellular matrix, or between a cell and any other aspect of its environment."" [GOC:mah]",19241,0.9,0.001408891671884784,query_1,['GO:0009987']
GO:BP,GO:0023052,signaling,9,6364,10,0.002028918344475792,0.005403682127679072,2899;2902;2903;2904;2905;2906;5499;5501;5518,True,"""The entirety of a process in which information is transmitted within a biological system. This process begins with an active signal and ends when a cellular response has been triggered."" [GOC:mtg_signal, GOC:mtg_signaling_feb11, GOC:signaling]",19241,0.9,0.0014142049025769956,query_1,['GO:0050789']
GO:BP,GO:0007275,multicellular organism development,8,4702,10,0.0020447176125543806,0.005403682127679072,2902;2903;2904;2905;2906;54768;5499;5501,True,"""The biological process whose specific outcome is the progression of a multicellular organism over time from an initial condition (e.g. a zygote or a young adult) to a later condition (e.g. a multicellular animal or an aged adult)."" [GOC:dph, GOC:ems, GOC:isa_complete, GOC:tb]",19241,0.8,0.0017014036580178648,query_1,"['GO:0032501', 'GO:0048856']"
GO:BP,GO:0062237,protein localization to postsynapse,2,55,10,0.002055946398746583,0.005403682127679072,2903;2905,True,"""Any process in which a protein is transported to, and/or maintained at the postsynapse, the part of a synapse that is part of the post-synaptic cell."" [PMID:31189538]",19241,0.2,0.03636363636363636,query_1,['GO:0035418']
GO:BP,GO:0007632,visual behavior,2,58,10,0.0022346661823856298,0.005771268314508974,2902;2903,True,"""The behavior of an organism in response to a visual stimulus."" [GOC:jid, GOC:pr]",19241,0.2,0.034482758620689655,query_1,"['GO:0007610', 'GO:0009416']"
GO:BP,GO:0032502,developmental process,9,6492,10,0.0022346661823856298,0.005771268314508974,2902;2903;2904;2905;2906;54768;5499;5501;5518,True,"""A biological process whose specific outcome is the progression of an integrated living unit: an anatomical structure (which may be a subcellular structure, cell, tissue, or organ), or organism over time from an initial condition to a later condition."" [GOC:isa_complete]",19241,0.9,0.0013863216266173752,query_1,['GO:0008150']
GO:BP,GO:0050877,nervous system process,5,1485,10,0.0027532571299048003,0.00698903732975834,2902;2903;2904;2905;2906,True,"""An organ system process carried out by any of the organs or tissues of the neurological system."" [GOC:ai, GOC:mtg_cardio]",19241,0.5,0.003367003367003367,query_1,['GO:0003008']
GO:BP,GO:0018964,propylene metabolic process,1,1,10,0.0028384899233629027,0.0070842983801578325,2902,True,"""The chemical reactions and pathways involving propylene, an alkene produced by catalytic or thermal cracking of hydrocarbons or as a by-product of petroleum refining. It is used mainly in the preparation of alkylates for gasoline and in the production of polypropylene, acrylonitrile, propylene oxide and a number of other industrial chemicals."" [GOC:jl]",19241,0.1,1.0,query_1,"['GO:0006805', 'GO:0043449']"
GO:BP,GO:0051232,meiotic spindle elongation,1,1,10,0.0028384899233629027,0.0070842983801578325,5518,True,"""The lengthening of the distance between poles of the spindle during a meiotic cell cycle."" [GOC:ai]",19241,0.1,1.0,query_1,"['GO:0000212', 'GO:0045132', 'GO:0051231', 'GO:1903046']"
GO:BP,GO:0050890,cognition,3,327,10,0.0028855867531030065,0.007141827213929941,2902;2903;2904,True,"""The operation of the mind by which an organism becomes aware of objects of thought or perception; it includes the mental activities associated with thinking, learning, and memory."" [ISBN:0721619908]",19241,0.3,0.009174311926605505,query_1,['GO:0050877']
GO:BP,GO:0032922,circadian regulation of gene expression,2,70,10,0.0030462565293633975,0.007415886796892861,5499;5501,True,"""Any process that modulates the frequency, rate or extent of gene expression such that an expression pattern recurs with a regularity of approximately 24 hours."" [GOC:mah]",19241,0.2,0.02857142857142857,query_1,"['GO:0007623', 'GO:0010468']"
GO:BP,GO:0097192,extrinsic apoptotic signaling pathway in absence of ligand,2,70,10,0.0030462565293633975,0.007415886796892861,5499;5518,True,"""The series of molecular signals in which a signal is conveyed from the cell surface to trigger the apoptotic death of a cell. The pathway starts with withdrawal of a ligand from a cell surface receptor, and ends when the execution phase of apoptosis is triggered."" [GOC:mtg_apoptosis, PMID:15044679, PMID:20816705]",19241,0.2,0.02857142857142857,query_1,"['GO:0038034', 'GO:0097191']"
GO:BP,GO:0038034,signal transduction in absence of ligand,2,72,10,0.0031884054912071076,0.007698832771451308,5499;5518,True,"""The series of molecular signals initiated by the absence of a ligand or the withdrawal of a ligand from a receptor."" [GOC:al, GOC:ppm, GOC:pr, PMID:15044679]",19241,0.2,0.027777777777777776,query_1,['GO:0007165']
GO:BP,GO:0019233,sensory perception of pain,2,82,10,0.004088175032028657,0.009791838584778315,2903;2906,True,"""The series of events required for an organism to receive a painful stimulus, convert it to a molecular signal, and recognize and characterize the signal. A painful stimulus is any physical or chemical event that has the potential to cause tissue damage (actual or perceived) and activates the nociceptive system."" [GOC:curators]",19241,0.2,0.024390243902439025,query_1,['GO:0007600']
GO:BP,GO:0005977,glycogen metabolic process,2,84,10,0.004244695967598739,0.010085397619014603,5499;5501,True,"""The chemical reactions and pathways involving glycogen, a polydisperse, highly branched glucan composed of chains of D-glucose residues in alpha-(1->4) glycosidic linkage, joined together by alpha-(1->6) glycosidic linkages."" [ISBN:0198506732]",19241,0.2,0.023809523809523808,query_1,"['GO:0006112', 'GO:0044042']"
GO:BP,GO:0044042,glucan metabolic process,2,86,10,0.00440262145047259,0.010377607704685389,5499;5501,True,"""The chemical reactions and pathways involving glucans, polysaccharides consisting only of glucose residues."" [GOC:jl]",19241,0.2,0.023255813953488372,query_1,['GO:0005976']
GO:BP,GO:0035418,protein localization to synapse,2,88,10,0.0045619011623337785,0.010585036290727596,2903;2905,True,"""Any process in which a protein is transported to, and/or maintained at the synapse, the junction between a nerve fiber of one neuron and another neuron or muscle fiber or glial cell."" [GOC:bf]",19241,0.2,0.022727272727272728,query_1,['GO:1902414']
GO:BP,GO:0051716,cellular response to stimulus,9,7205,10,0.004756985280694979,0.010719486269511528,2899;2902;2903;2904;2905;2906;5499;5501;5518,True,"""Any process that results in a change in state or activity of a cell (in terms of movement, secretion, enzyme production, gene expression, etc.) as a result of a stimulus. The process begins with detection of the stimulus by a cell and ends with a change in state or activity or the cell."" [GOC:bf, GOC:jl]",19241,0.9,0.0012491325468424704,query_1,"['GO:0009987', 'GO:0050896']"
GO:BP,GO:0008306,associative learning,2,91,10,0.004779476298424465,0.010719486269511528,2902;2903,True,"""Learning by associating a stimulus (the cause) with a particular outcome (the effect)."" [ISBN:0582227089]",19241,0.2,0.02197802197802198,query_1,['GO:0007612']
GO:BP,GO:0043449,alkene metabolic process,1,2,10,0.004872493758868876,0.010719486269511528,2902,True,"""The chemical reactions and pathways involving an alkene, any acyclic branched or unbranched hydrocarbon having one carbon-carbon double bond and the general formula CnH2n, as carried out by individual cells."" [GOC:jl, Wikipedia:Alkene]",19241,0.1,0.5,query_1,['GO:1900673']
GO:BP,GO:1903538,regulation of meiotic cell cycle process involved in oocyte maturation,1,2,10,0.004872493758868876,0.010719486269511528,5518,True,"""Any process that modulates the frequency, rate or extent of meiotic cell cycle process involved in oocyte maturation."" [GO_REF:0000058, GOC:jz, GOC:TermGenie, PMID:25212395]",19241,0.1,0.5,query_1,"['GO:0010564', 'GO:1903537', 'GO:2000241']"
GO:BP,GO:0032501,multicellular organismal process,9,7259,10,0.004872493758868876,0.010719486269511528,2902;2903;2904;2905;2906;54768;5499;5501;5518,True,"""Any biological process, occurring at the level of a multicellular organism, pertinent to its function."" [GOC:curators, GOC:dph, GOC:isa_complete, GOC:tb]",19241,0.9,0.0012398401983744318,query_1,['GO:0008150']
GO:BP,GO:0048583,regulation of response to stimulus,7,3961,10,0.004872493758868876,0.010719486269511528,2902;2903;2904;2905;2906;5499;5518,True,"""Any process that modulates the frequency, rate or extent of a response to a stimulus. Response to stimulus is a change in state or activity of a cell or an organism (in terms of movement, secretion, enzyme production, gene expression, etc.) as a result of a stimulus."" [GOC:jid]",19241,0.7,0.0017672304973491543,query_1,"['GO:0050789', 'GO:0050896']"
GO:BP,GO:1900673,olefin metabolic process,1,2,10,0.004872493758868876,0.010719486269511528,2902,True,"""The chemical reactions and pathways involving olefin."" [GOC:mengo_curators, GOC:TermGenie]",19241,0.1,0.5,query_1,"['GO:0120252', 'GO:0120254']"
GO:BP,GO:0051262,protein tetramerization,2,97,10,0.005120993763919373,0.011183346675618043,2902;2904,True,"""The formation of a protein tetramer, a macromolecular structure consisting of four noncovalently associated identical or nonidentical subunits."" [GOC:ecd]",19241,0.2,0.020618556701030927,query_1,['GO:0051259']
GO:BP,GO:0006112,energy reserve metabolic process,2,98,10,0.005177840351820623,0.011224953171465147,5499;5501,True,"""The chemical reactions and pathways by which a cell derives energy from stored compounds such as fats or glycogen."" [GOC:mah]",19241,0.2,0.02040816326530612,query_1,['GO:0015980']
GO:BP,GO:0005976,polysaccharide metabolic process,2,102,10,0.005553769099877867,0.011534751207438649,5499;5501,True,"""The chemical reactions and pathways involving a polysaccharide, a polymer of many (typically more than 10) monosaccharide residues linked glycosidically."" [ISBN:0198547684]",19241,0.2,0.0196078431372549,query_1,"['GO:0005975', 'GO:0043170']"
GO:BP,GO:0065008,regulation of biological quality,6,2917,10,0.006597628936751407,0.013607609682049776,2899;2902;2903;2904;2905;2906,True,"""Any process that modulates a qualitative or quantitative trait of a biological quality. A biological quality is a measurable attribute of an organism or part of an organism, such as size, mass, shape, color, etc."" [GOC:dph, GOC:isa_complete, GOC:mah, GOC:pr, GOC:vw]",19241,0.6,0.002056907781967775,query_1,['GO:0065007']
GO:BP,GO:0042752,regulation of circadian rhythm,2,113,10,0.006679457519385851,0.013681371608673087,5499;5501,True,"""Any process that modulates the frequency, rate or extent of a circadian rhythm. A circadian rhythm is a biological process in an organism that recurs with a regularity of approximately 24 hours."" [GOC:dph, GOC:jl, GOC:tb]",19241,0.2,0.017699115044247787,query_1,"['GO:0007623', 'GO:0050789']"
GO:BP,GO:1902951,negative regulation of dendritic spine maintenance,1,3,10,0.006849475104061854,0.013745230445313315,2904,True,"""Any process that stops, prevents or reduces the frequency, rate or extent of dendritic spine maintenance."" [GO_REF:0000058, GOC:sjp, GOC:TermGenie, PMID:24328732]",19241,0.1,0.3333333333333333,query_1,"['GO:0031345', 'GO:0097062', 'GO:1902950']"
GO:BP,GO:0051239,regulation of multicellular organismal process,6,2950,10,0.006849475104061854,0.013745230445313315,2902;2903;2904;2905;2906;5501,True,"""Any process that modulates the frequency, rate or extent of a multicellular organismal process, the processes pertinent to the function of a multicellular organism above the cellular level; includes the integrated processes of tissues and organs."" [GOC:ai, GOC:dph, GOC:tb]",19241,0.6,0.002033898305084746,query_1,"['GO:0032501', 'GO:0050789']"
GO:BP,GO:0042177,negative regulation of protein catabolic process,2,116,10,0.006849475104061854,0.013745230445313315,2903;2905,True,"""Any process that stops, prevents or reduces the frequency, rate or extent of protein catabolic process."" [GO_REF:0000058, GOC:kmv, GOC:obol, GOC:TermGenie, PMID:24785082]",19241,0.2,0.017241379310344827,query_1,"['GO:0009895', 'GO:0030163', 'GO:0042176', 'GO:0051248']"
GO:BP,GO:1902414,protein localization to cell junction,2,118,10,0.007023206080052612,0.013999276548829702,2903;2905,True,"""A process in which a protein is transported to, or maintained in, a location within a cell junction."" [GOC:TermGenie, PMID:18332111]",19241,0.2,0.01694915254237288,query_1,['GO:0008104']
GO:BP,GO:0048522,positive regulation of cellular process,8,5845,10,0.007443405882827979,0.014640341372184833,2902;2903;2904;2905;2906;5499;5501;5518,True,"""Any process that activates or increases the frequency, rate or extent of a cellular process, any of those that are carried out at the cellular level, but are not necessarily restricted to a single cell. For example, cell communication occurs among more than one cell, but occurs at the cellular level."" [GOC:jid]",19241,0.8,0.0013686911890504706,query_1,"['GO:0009987', 'GO:0048518', 'GO:0050794']"
GO:BP,GO:0043200,response to amino acid,2,124,10,0.0076134853713844194,0.014876349705928767,2902;2906,True,"""Any process that results in a change in state or activity of a cell or an organism (in terms of movement, secretion, enzyme production, gene expression, etc.) as a result of an amino acid stimulus. An amino acid is a carboxylic acids containing one or more amino groups."" [GOC:ef, GOC:mlg]",19241,0.2,0.016129032258064516,query_1,['GO:0001101']
GO:BP,GO:0006810,transport,7,4346,10,0.00783120635424039,0.01510304082603504,2899;2902;2903;2904;2905;2906;5501,True,"""The directed movement of substances (such as macromolecules, small molecules, ions) or cellular components (such as complexes and organelles) into, out of or within a cell, or between cells, or within a multicellular organism by means of some agent such as a transporter or a transporter complex, a pore or a motor protein."" [GOC:dos, GOC:dph, GOC:jl, GOC:mah]",19241,0.7,0.0016106764841233318,query_1,['GO:0051234']
GO:BP,GO:0009628,response to abiotic stimulus,4,1139,10,0.008030241890667832,0.015386979622763523,2902;2903;5499;5501,True,"""Any process that results in a change in state or activity of a cell or an organism (in terms of movement, secretion, enzyme production, gene expression, etc.) as a result of an abiotic (not derived from living organisms) stimulus."" [GOC:hb]",19241,0.4,0.003511852502194908,query_1,['GO:0050896']
GO:BP,GO:0051754,"meiotic sister chromatid cohesion, centromeric",1,4,10,0.008510168737158671,0.015698882701466618,5518,True,"""The cell cycle process in which centromeres of sister chromatids are joined during meiosis."" [PMID:14730319, PMID:16325576]",19241,0.1,0.25,query_1,"['GO:0051177', 'GO:0070601']"
GO:BP,GO:0043065,positive regulation of apoptotic process,3,524,10,0.008510168737158671,0.015698882701466618,2903;5499;5518,True,"""Any process that activates or increases the frequency, rate or extent of cell death by apoptotic process."" [GOC:jl, GOC:mtg_apoptosis]",19241,0.3,0.0057251908396946565,query_1,"['GO:0006915', 'GO:0042981', 'GO:0043068']"
GO:BP,GO:1905429,response to glycine,1,4,10,0.008510168737158671,0.015698882701466618,2902,True,"""Any process that results in a change in state or activity of a cell or an organism (in terms of movement, secretion, enzyme production, gene expression, etc.) as a result of a glycine stimulus."" [GO_REF:0000071, GOC:TermGenie, PMID:18984164]",19241,0.1,0.25,query_1,"['GO:0043200', 'GO:1901698', 'GO:1901700']"
GO:BP,GO:2001235,positive regulation of apoptotic signaling pathway,2,138,10,0.008870211081083702,0.016162286448354962,5499;5518,True,"""Any process that activates or increases the frequency, rate or extent of apoptotic signaling pathway."" [GOC:mtg_apoptosis]",19241,0.2,0.014492753623188406,query_1,"['GO:0009967', 'GO:0043065', 'GO:0097190', 'GO:2001233']"
GO:BP,GO:0001101,response to acid chemical,2,138,10,0.008870211081083702,0.016162286448354962,2902;2906,True,"""Any process that results in a change in state or activity of a cell or an organism (in terms of movement, secretion, enzyme production, gene expression, etc.) as a result of a stimulus by the chemical structure of the anion portion of a dissociated acid (rather than the acid acting as a proton donor). The acid chemical may be in gaseous, liquid or solid form."" [GOC:go_curators, GOC:rn]",19241,0.2,0.014492753623188406,query_1,['GO:0042221']
GO:BP,GO:0043068,positive regulation of programmed cell death,3,542,10,0.009147769433948785,0.016465984981107813,2903;5499;5518,True,"""Any process that activates or increases the frequency, rate or extent of programmed cell death, cell death resulting from activation of endogenous cellular processes."" [GOC:jl]",19241,0.3,0.005535055350553505,query_1,"['GO:0012501', 'GO:0043067', 'GO:0048522']"
GO:BP,GO:0006470,protein dephosphorylation,2,143,10,0.009362836648639817,0.016751581232807383,5499;5501,True,"""The process of removing one or more phosphoric residues from a protein."" [GOC:hb]",19241,0.2,0.013986013986013986,query_1,"['GO:0016311', 'GO:0036211']"
GO:BP,GO:0048518,positive regulation of biological process,8,6176,10,0.010130983836971145,0.017910132140359702,2902;2903;2904;2905;2906;5499;5501;5518,True,"""Any process that activates or increases the frequency, rate or extent of a biological process. Biological processes are regulated by many means; examples include the control of gene expression, protein modification or interaction with a protein or substrate molecule."" [GOC:jid]",19241,0.8,0.0012953367875647669,query_1,"['GO:0008150', 'GO:0050789']"
GO:BP,GO:0051276,chromosome organization,3,569,10,0.0102618948210884,0.018034217525818075,5499;5501;5518,True,"""A process that is carried out at the cellular level that results in the assembly, arrangement of constituent parts, or disassembly of chromosomes, structures composed of a very long molecule of DNA and associated proteins that carries hereditary information. This term covers covalent modifications at the molecular level as well as spatial relationships among the major components of a chromosome."" [GOC:ai, GOC:dph, GOC:jl, GOC:mah]",19241,0.3,0.005272407732864675,query_1,['GO:0006996']
GO:BP,GO:2001236,regulation of extrinsic apoptotic signaling pathway,2,155,10,0.010714466976477453,0.018718804070669434,5499;5518,True,"""Any process that modulates the frequency, rate or extent of extrinsic apoptotic signaling pathway."" [GOC:mtg_apoptosis]",19241,0.2,0.012903225806451613,query_1,"['GO:0097191', 'GO:2001233']"
GO:BP,GO:0051234,establishment of localization,7,4655,10,0.010912758982710043,0.01895373928575955,2899;2902;2903;2904;2905;2906;5501,True,"""Any process that localizes a substance or cellular component. This may occur via movement, tethering or selective degradation."" [GOC:ai, GOC:dos]",19241,0.7,0.0015037593984962407,query_1,['GO:0051179']
GO:BP,GO:0007612,learning,2,159,10,0.011091974130036264,0.01915300184081843,2902;2903,True,"""Any process in an organism in which a relatively long-lasting adaptive behavioral change occurs as the result of experience."" [ISBN:0582227089, ISBN:0721662544]",19241,0.2,0.012578616352201259,query_1,['GO:0007611']
GO:BP,GO:1904158,axonemal central apparatus assembly,1,6,10,0.011727303701231819,0.020133001151825723,54768,True,"""The aggregation, arrangement and bonding together of a set of components to form an axonemal central apparatus."" [GO_REF:0000079, GOC:cilia, GOC:krc, GOC:TermGenie, PMID:9295136]",19241,0.1,0.16666666666666666,query_1,"['GO:0022607', 'GO:0035082']"
GO:BP,GO:0003008,system process,5,2264,10,0.012684903495215897,0.02165181803493748,2902;2903;2904;2905;2906,True,"""A multicellular organismal process carried out by any of the organs or tissues in an organ system. An organ system is a regularly interacting or interdependent group of organs or tissues that work together to carry out a biological objective."" [GOC:mtg_cardio]",19241,0.5,0.002208480565371025,query_1,['GO:0032501']
GO:BP,GO:1903537,meiotic cell cycle process involved in oocyte maturation,1,7,10,0.013179434008721527,0.021990403935900522,5518,True,"""Any meiotic cell cycle process that is involved in oocyte maturation."" [GO_REF:0000060, GOC:jz, GOC:TermGenie, PMID:25212395]",19241,0.1,0.14285714285714285,query_1,"['GO:0001556', 'GO:1903046']"
GO:BP,GO:1905232,cellular response to L-glutamate,1,7,10,0.013179434008721527,0.021990403935900522,2906,True,"""Any process that results in a change in state or activity of a cell (in terms of movement, secretion, enzyme production, gene expression, etc.) as a result of a L-glutamate(1-) stimulus."" [GO_REF:0000071, GOC:TermGenie, PMID:25962137]",19241,0.1,0.14285714285714285,query_1,"['GO:0071230', 'GO:1901699', 'GO:1901701', 'GO:1902065']"
GO:BP,GO:0005981,regulation of glycogen catabolic process,1,7,10,0.013179434008721527,0.021990403935900522,5499,True,"""Any process that modulates the frequency, rate or extent of the chemical reactions and pathways resulting in the breakdown of glycogen."" [GOC:go_curators]",19241,0.1,0.14285714285714285,query_1,"['GO:0005980', 'GO:0043470', 'GO:0070873']"
GO:BP,GO:0120252,hydrocarbon metabolic process,1,7,10,0.013179434008721527,0.021990403935900522,2902,True,"""The chemical reactions and pathways involving a hydrocarbon, a compound consisting of carbon and hydrogen only."" [GOC:krc, Wikipedia:Hydrocarbon]",19241,0.1,0.14285714285714285,query_1,['GO:0008152']
GO:BP,GO:0000070,mitotic sister chromatid segregation,2,191,10,0.01486035516886295,0.02425014002830932,5501;5518,True,"""The cell cycle process in which replicated homologous chromosomes are organized and then physically separated and apportioned to two sets during the mitotic cell cycle. Each replicated chromosome, composed of two sister chromatids, aligns at the cell equator, paired with its homologous partner. One homolog of each morphologic type goes into each of the resulting chromosome sets."" [GOC:ai, GOC:jl]",19241,0.2,0.010471204188481676,query_1,"['GO:0000819', 'GO:0140014', 'GO:1903047']"
GO:BP,GO:0050896,response to stimulus,9,8582,10,0.01486035516886295,0.02425014002830932,2899;2902;2903;2904;2905;2906;5499;5501;5518,True,"""Any process that results in a change in state or activity of a cell or an organism (in terms of movement, secretion, enzyme production, gene expression, etc.) as a result of a stimulus. The process begins with detection of the stimulus and ends with a change in state or activity or the cell or organism."" [GOC:ai, GOC:bf]",19241,0.9,0.0010487065951992542,query_1,['GO:0008150']
GO:BP,GO:0051967,"negative regulation of synaptic transmission, glutamatergic",1,8,10,0.01486035516886295,0.02425014002830932,2899,True,"""Any process that stops, prevents, or reduces the frequency, rate or extent of glutamatergic synaptic transmission, the process of communication from a neuron to another neuron across a synapse using the neurotransmitter glutamate."" [GOC:ai]",19241,0.1,0.125,query_1,"['GO:0035249', 'GO:0050805', 'GO:0051966']"
GO:BP,GO:0007196,adenylate cyclase-inhibiting G protein-coupled glutamate receptor signaling pathway,1,9,10,0.016456579229119063,0.025997893782172137,2899,True,"""An adenylate cyclase-inhibiting G protein-coupled receptor signaling pathway initiated by glutamate binding to its receptor, and ending with the regulation of a downstream cellular process."" [GOC:dph, GOC:mah, GOC:signaling, GOC:tb]",19241,0.1,0.1111111111111111,query_1,"['GO:0007193', 'GO:0007216']"
GO:BP,GO:0007623,circadian rhythm,2,208,10,0.01730083630739263,0.027173625450203867,5499;5501,True,"""Any biological process in an organism that recurs with a regularity of approximately 24 hours."" [GOC:bf, GOC:go_curators]",19241,0.2,0.009615384615384616,query_1,['GO:0048511']
GO:BP,GO:0016311,dephosphorylation,2,216,10,0.018489020220897587,0.02810106987040945,5499;5501,True,"""The process of removing one or more phosphoric (ester or anhydride) residues from a molecule."" [ISBN:0198506732]",19241,0.2,0.009259259259259259,query_1,['GO:0006796']
GO:BP,GO:0042428,serotonin metabolic process,1,11,10,0.01954959433569023,0.02810106987040945,2903,True,"""The chemical reactions and pathways involving serotonin (5-hydroxytryptamine), a monoamine neurotransmitter occurring in the peripheral and central nervous systems, also having hormonal properties."" [GOC:jl, ISBN:0198506732]",19241,0.1,0.09090909090909091,query_1,"['GO:0018958', 'GO:0042430', 'GO:0097164', 'GO:1901160']"
GO:BP,GO:0070601,centromeric sister chromatid cohesion,1,11,10,0.01954959433569023,0.02810106987040945,5518,True,"""The cell cycle process in which the sister chromatids of a replicated chromosome are joined along the length of the centromeric region of the chromosome."" [GOC:mah]",19241,0.1,0.09090909090909091,query_1,['GO:0007062']
GO:BP,GO:0060541,respiratory system development,2,225,10,0.019604277134354718,0.02810106987040945,54768;5499,True,"""The progression of the respiratory system over time from its formation to its mature structure. The respiratory system carries out respiratory gaseous exchange."" [GOC:dph]",19241,0.2,0.008888888888888889,query_1,['GO:0048731']
GO:BP,GO:0097191,extrinsic apoptotic signaling pathway,2,229,10,0.02014856430160007,0.02810106987040945,5499;5518,True,"""The series of molecular signals in which a signal is conveyed from the cell surface to trigger the apoptotic death of a cell. The pathway starts with either a ligand binding to a cell surface receptor, or a ligand being withdrawn from a cell surface receptor (e.g. in the case of signaling by dependence receptors), and ends when the execution phase of apoptosis is triggered."" [GOC:mtg_apoptosis, GOC:yaf, PMID:17340152]",19241,0.2,0.008733624454148471,query_1,"['GO:0007166', 'GO:0097190']"
GO:BP,GO:0000819,sister chromatid segregation,2,232,10,0.02052427501538652,0.02810106987040945,5501;5518,True,"""The cell cycle process in which sister chromatids are organized and then physically separated and apportioned to two or more sets."" [GOC:ai, GOC:elh]",19241,0.2,0.008620689655172414,query_1,"['GO:0051276', 'GO:0098813']"
GO:BP,GO:0051179,localization,7,5280,10,0.020611116122078957,0.02810106987040945,2899;2902;2903;2904;2905;2906;5501,True,"""Any process in which a cell, a substance, or a cellular entity, such as a protein complex or organelle, is transported, tethered to or otherwise maintained in a specific location. In the case of substances, localization may also be achieved via selective degradation."" [GOC:ai, GOC:dos]",19241,0.7,0.0013257575757575758,query_1,['GO:0008150']
GO:BP,GO:1902950,regulation of dendritic spine maintenance,1,12,10,0.020611116122078957,0.02810106987040945,2904,True,"""Any process that modulates the frequency, rate or extent of dendritic spine maintenance."" [GO_REF:0000058, GOC:sjp, GOC:TermGenie, PMID:24328732]",19241,0.1,0.08333333333333333,query_1,"['GO:0097062', 'GO:0099175', 'GO:0120035']"
GO:BP,GO:0010524,positive regulation of calcium ion transport into cytosol,1,14,10,0.02356378509666927,0.030966567140313157,2902,True,"""Any process that increases the rate of the directed movement of calcium ions into the cytosol of a cell. The cytosol is that part of the cytoplasm that does not contain membranous or particulate subcellular components."" [GOC:dph, GOC:tb]",19241,0.1,0.07142857142857142,query_1,"['GO:0007204', 'GO:0010522', 'GO:0060402', 'GO:1904427']"
GO:BP,GO:0051231,spindle elongation,1,14,10,0.02356378509666927,0.030966567140313157,5518,True,"""The cell cycle process in which the distance is lengthened between poles of the spindle."" [GOC:ai]",19241,0.1,0.07142857142857142,query_1,"['GO:0007017', 'GO:0007051', 'GO:0022402', 'GO:0098813']"
GO:BP,GO:0051177,meiotic sister chromatid cohesion,1,14,10,0.02356378509666927,0.030966567140313157,5518,True,"""The cell cycle process in which sister chromatids of a replicated chromosome are joined along the entire length of the chromosome during meiosis."" [GOC:ai]",19241,0.1,0.07142857142857142,query_1,['GO:0007062']
GO:BP,GO:1901700,response to oxygen-containing compound,4,1652,10,0.024055866633860175,0.03147397528747345,2902;2903;2904;2906,True,"""Any process that results in a change in state or activity of a cell or an organism (in terms of movement, secretion, enzyme production, gene expression, etc.) as a result of an oxygen-containing compound stimulus."" [GOC:pr, GOC:TermGenie]",19241,0.4,0.002421307506053269,query_1,['GO:0042221']
GO:BP,GO:0007216,G protein-coupled glutamate receptor signaling pathway,1,15,10,0.024755606933962834,0.032106616853218174,2899,True,"""A G protein-coupled receptor signaling pathway initiated by glutamate binding to its receptor on the surface of a target cell, and ending with the regulation of a downstream cellular process."" [GOC:mah, GOC:signaling, PMID:9131252]",19241,0.1,0.06666666666666667,query_1,"['GO:0007186', 'GO:0007215']"
GO:BP,GO:1901160,primary amino compound metabolic process,1,15,10,0.024755606933962834,0.032106616853218174,2903,True,"""The chemical reactions and pathways involving primary amino compound."" [GOC:TermGenie]",19241,0.1,0.06666666666666667,query_1,['GO:0008152']
GO:BP,GO:0051259,protein complex oligomerization,2,270,10,0.02594575052080098,0.03294795179435799,2902;2904,True,"""The process of creating protein oligomers, compounds composed of a small number, usually between three and ten, of component monomers; protein oligomers may be composed of different or identical monomers. Oligomers may be formed by the polymerization of a number of monomers or the depolymerization of a large protein polymer."" [GOC:ai, PMID:18293929]",19241,0.2,0.007407407407407408,query_1,['GO:0065003']
GO:BP,GO:1903428,positive regulation of reactive oxygen species biosynthetic process,1,17,10,0.02717233216073731,0.03334786219726852,2902,True,"""Any process that activates or increases the frequency, rate or extent of reactive oxygen species biosynthetic process."" [GO_REF:0000058, GOC:bf, GOC:PARL, GOC:TermGenie, PMID:24252804]",19241,0.1,0.058823529411764705,query_1,"['GO:0009891', 'GO:1903409', 'GO:1903426', 'GO:2000379']"
GO:BP,GO:0140014,mitotic nuclear division,2,280,10,0.02717233216073731,0.03334786219726852,5501;5518,True,"""A mitotic cell cycle process comprising the steps by which the nucleus of a eukaryotic cell divides; the process involves condensation of chromosomal DNA into a highly compacted form. Canonically, mitosis produces two daughter nuclei whose chromosome complement is identical to that of the mother cell."" [ISBN:0198547684]",19241,0.2,0.007142857142857143,query_1,"['GO:0000280', 'GO:1903047']"
GO:BP,GO:1902065,response to L-glutamate,1,17,10,0.02717233216073731,0.03334786219726852,2906,True,"""Any process that results in a change in state or activity of a cell or an organism (in terms of movement, secretion, enzyme production, gene expression, etc.) as a result of an L-glutamate stimulus."" [GOC:TermGenie, PMID:23574009]",19241,0.1,0.058823529411764705,query_1,"['GO:0043200', 'GO:1901698', 'GO:1901700']"
GO:BP,GO:0045725,positive regulation of glycogen biosynthetic process,1,17,10,0.02717233216073731,0.03334786219726852,5499,True,"""Any process that activates or increases the frequency, rate or extent of the chemical reactions and pathways resulting in the formation of glycogen."" [GOC:go_curators]",19241,0.1,0.058823529411764705,query_1,"['GO:0005978', 'GO:0005979', 'GO:0010557', 'GO:0070875']"
GO:BP,GO:0060438,trachea development,1,19,10,0.029799610794940336,0.03583192067245863,54768,True,"""The process whose specific outcome is the progression of a trachea over time, from its formation to the mature structure. The trachea is the portion of the airway that attaches to the bronchi as it branches."" [GOC:dph]",19241,0.1,0.05263157894736842,query_1,"['GO:0048513', 'GO:0060541']"
GO:BP,GO:0051931,regulation of sensory perception,1,19,10,0.029799610794940336,0.03583192067245863,2906,True,"""Any process that modulates the frequency, rate or extent of sensory perception, the series of events required for an organism to receive a sensory stimulus, convert it to a molecular signal, and recognize and characterize the signal."" [GOC:ai]",19241,0.1,0.05263157894736842,query_1,"['GO:0007600', 'GO:0031644']"
GO:BP,GO:0051930,regulation of sensory perception of pain,1,19,10,0.029799610794940336,0.03583192067245863,2906,True,"""Any process that modulates the frequency, rate or extent of the sensory perception of pain, the series of events required for an organism to receive a painful stimulus, convert it to a molecular signal, and recognize and characterize the signal."" [GOC:ai]",19241,0.1,0.05263157894736842,query_1,"['GO:0019233', 'GO:0051931']"
GO:BP,GO:0048511,rhythmic process,2,302,10,0.030625439753219328,0.03644144442521847,5499;5501,True,"""Any process pertinent to the generation and maintenance of rhythms in the physiology of an organism."" [GOC:jid]",19241,0.2,0.006622516556291391,query_1,['GO:0008150']
GO:BP,GO:0070875,positive regulation of glycogen metabolic process,1,20,10,0.030797314985622343,0.03644144442521847,5499,True,"""Any process that activates or increases the frequency, rate or extent of the chemical reactions and pathways involving glycogen."" [GOC:mah]",19241,0.1,0.05,query_1,"['GO:0005977', 'GO:0010604', 'GO:0010907', 'GO:0070873']"
GO:BP,GO:0010522,regulation of calcium ion transport into cytosol,1,20,10,0.030797314985622343,0.03644144442521847,2902,True,"""Any process that modulates the rate of the directed movement of calcium ions into the cytosol of a cell. The cytosol is that part of the cytoplasm that does not contain membranous or particulate subcellular components."" [GOC:dph, GOC:tb]",19241,0.1,0.05,query_1,"['GO:0060341', 'GO:0060402', 'GO:0065008', 'GO:1903169']"
GO:BP,GO:0010288,response to lead ion,1,21,10,0.031759100933576916,0.03699001167557782,5499,True,"""Any process that results in a change in state or activity of a cell or an organism (in terms of movement, secretion, enzyme production, gene expression, etc.) as a result of a lead ion stimulus."" [GOC:tair_curators, PMID:16461380]",19241,0.1,0.047619047619047616,query_1,['GO:0010038']
GO:BP,GO:0060252,positive regulation of glial cell proliferation,1,21,10,0.031759100933576916,0.03699001167557782,5501,True,"""Any process that activates or increases the rate or extent of glial cell proliferation."" [GOC:dph, GOC:sl, GOC:tb]",19241,0.1,0.047619047619047616,query_1,"['GO:0008284', 'GO:0014009', 'GO:0014015', 'GO:0060251']"
GO:BP,GO:0097062,dendritic spine maintenance,1,21,10,0.031759100933576916,0.03699001167557782,2904,True,"""The organization process that preserves a dendritic spine in a stable functional or structural state. A dendritic spine is a specialized protrusion from a neuronal dendrite and is involved in synaptic transmission."" [GOC:BHF, PMID:20410104]",19241,0.1,0.047619047619047616,query_1,"['GO:0043954', 'GO:0097061']"
GO:BP,GO:0098813,nuclear chromosome segregation,2,320,10,0.03287687725926859,0.03770051176062846,5501;5518,True,"""The process in which genetic material, in the form of nuclear chromosomes, is organized into specific structures and then physically separated and apportioned to two or more sets. Nuclear chromosome segregation begins with the condensation of chromosomes, includes chromosome separation, and ends when chromosomes have completed movement to the spindle poles."" [GOC:dos]",19241,0.2,0.00625,query_1,['GO:0007059']
GO:BP,GO:0000212,meiotic spindle organization,1,22,10,0.03287687725926859,0.03770051176062846,5518,True,"""A process that is carried out at the cellular level which results in the assembly, arrangement of constituent parts, or disassembly of the microtubule spindle during a meiotic cell cycle."" [GOC:go_curators, GOC:mah]",19241,0.1,0.045454545454545456,query_1,"['GO:0007051', 'GO:1903046']"
GO:BP,GO:0035331,negative regulation of hippo signaling,1,23,10,0.03396826920767638,0.038506015094198036,5518,True,"""Any process that stops, prevents, or reduces the frequency, rate or extent of hippo signaling."" [GOC:bf]",19241,0.1,0.043478260869565216,query_1,"['GO:0035329', 'GO:0035330', 'GO:1902532']"
GO:BP,GO:0097164,ammonium ion metabolic process,1,23,10,0.03396826920767638,0.038506015094198036,2903,True,"""The chemical reactions and pathways involving the ammonium ion."" [GOC:dhl, GOC:tb, PMID:14671018]",19241,0.1,0.043478260869565216,query_1,['GO:0008152']
GO:BP,GO:0030431,sleep,1,24,10,0.03523437182395663,0.039638668301951216,2903,True,"""Any process in which an organism enters and maintains a periodic, readily reversible state of reduced awareness and metabolic activity. Usually accompanied by physical relaxation, the onset of sleep in humans and other mammals is marked by a change in the electrical activity of the brain."" [ISBN:0192800981]",19241,0.1,0.041666666666666664,query_1,['GO:0032501']
GO:BP,GO:0015980,energy derivation by oxidation of organic compounds,2,339,10,0.03582089960595255,0.039998208363772714,5499;5501,True,"""The chemical reactions and pathways by which a cell derives energy from organic compounds; results in the oxidation of the compounds from which energy is released."" [GOC:mah]",19241,0.2,0.0058997050147492625,query_1,['GO:0006091']
GO:BP,GO:0042430,indole-containing compound metabolic process,1,25,10,0.036279274687042375,0.040055556067106264,2903,True,"""The chemical reactions and pathways involving compounds that contain an indole (2,3-benzopyrrole) skeleton."" [GOC:jl, GOC:mah]",19241,0.1,0.04,query_1,['GO:0008152']
GO:BP,GO:0005980,glycogen catabolic process,1,26,10,0.03750971091686426,0.040957294640840754,5499,True,"""The chemical reactions and pathways resulting in the breakdown of glycogen, a polydisperse, highly branched glucan composed of chains of D-glucose residues."" [ISBN:0198506732]",19241,0.1,0.038461538461538464,query_1,"['GO:0005977', 'GO:0009251']"
GO:BP,GO:0009894,regulation of catabolic process,3,1033,10,0.03851058827657524,0.041743228898331555,2903;2905;5499,True,"""Any process that modulates the frequency, rate, or extent of the chemical reactions and pathways resulting in the breakdown of substances."" [GOC:go_curators]",19241,0.3,0.002904162633107454,query_1,"['GO:0009056', 'GO:0019222']"
GO:BP,GO:0009251,glucan catabolic process,1,27,10,0.03851058827657524,0.041743228898331555,5499,True,"""The chemical reactions and pathways resulting in the breakdown of glucans, polysaccharides consisting only of glucose residues."" [GOC:go_curators]",19241,0.1,0.037037037037037035,query_1,"['GO:0000272', 'GO:0044042']"
GO:BP,GO:0009895,negative regulation of catabolic process,2,359,10,0.03885264845103021,0.041919953427457524,2903;2905,True,"""Any process that stops, prevents, or reduces the frequency, rate or extent of the chemical reactions and pathways resulting in the breakdown of substances."" [GOC:go_curators]",19241,0.2,0.005571030640668524,query_1,"['GO:0009056', 'GO:0009892', 'GO:0009894']"
GO:BP,GO:0005979,regulation of glycogen biosynthetic process,1,28,10,0.03923820556509492,0.041919953427457524,5499,True,"""Any process that modulates the frequency, rate or extent of the chemical reactions and pathways resulting in the formation of glycogen."" [GOC:go_curators]",19241,0.1,0.03571428571428571,query_1,"['GO:0005978', 'GO:0010962', 'GO:0070873']"
GO:BP,GO:1990778,protein localization to cell periphery,2,364,10,0.03923820556509492,0.041919953427457524,2903;2905,True,"""A process in which a protein is transported to, or maintained in, the cell periphery."" [PMID:18216290]",19241,0.2,0.005494505494505495,query_1,['GO:0008104']
GO:BP,GO:0010962,regulation of glucan biosynthetic process,1,28,10,0.03923820556509492,0.041919953427457524,5499,True,"""Any process that modulates the rate, frequency, or extent of glucan biosynthesis. Glucan biosynthetic processes are the chemical reactions and pathways resulting in the formation of glucans, polysaccharides consisting only of glucose residues."" [GOC:dph, GOC:tb]",19241,0.1,0.03571428571428571,query_1,"['GO:0009250', 'GO:0032885']"
GO:BP,GO:0042176,regulation of protein catabolic process,2,368,10,0.03984546332367624,0.042416138376816646,2903;2905,True,"""Any process that modulates the frequency, rate or extent of the chemical reactions and pathways resulting in the breakdown of a protein by the destruction of the native, active configuration, with or without the hydrolysis of peptide bonds."" [GOC:go_curators, GOC:jl]",19241,0.2,0.005434782608695652,query_1,"['GO:0009894', 'GO:0030163', 'GO:0051246']"
GO:BP,GO:0000272,polysaccharide catabolic process,1,29,10,0.04001022608085195,0.04243941837861796,5499,True,"""The chemical reactions and pathways resulting in the breakdown of a polysaccharide, a polymer of many (typically more than 10) monosaccharide residues linked glycosidically."" [PMID:33139480]",19241,0.1,0.034482758620689655,query_1,"['GO:0005976', 'GO:0009057', 'GO:0016052']"
GO:BP,GO:1901698,response to nitrogen compound,3,1076,10,0.041138118601152567,0.04313381759570306,2902;2903;2906,True,"""Any process that results in a change in state or activity of a cell or an organism (in terms of movement, secretion, enzyme production, gene expression, etc.) as a result of a nitrogen compound stimulus."" [GOC:pr, GOC:TermGenie]",19241,0.3,0.0027881040892193307,query_1,['GO:0042221']
GO:BP,GO:0060402,calcium ion transport into cytosol,1,30,10,0.041138118601152567,0.04313381759570306,2902,True,"""The directed movement of calcium ions (Ca2+) into the cytosol."" [GOC:dph, GOC:tb]",19241,0.1,0.03333333333333333,query_1,"['GO:0007204', 'GO:0097553']"
GO:BP,GO:2001233,regulation of apoptotic signaling pathway,2,379,10,0.041245805377709326,0.04313381759570306,5499;5518,True,"""Any process that modulates the frequency, rate or extent of apoptotic signaling pathway."" [GOC:mtg_apoptosis]",19241,0.2,0.005277044854881266,query_1,"['GO:0009966', 'GO:0042981', 'GO:0097190']"
GO:BP,GO:0021591,ventricular system development,1,32,10,0.04318947741798646,0.04453914858729854,54768,True,"""The process whose specific outcome is the progression of the brain ventricular system over time, from its formation to the mature structure. The brain ventricular system consists of four communicating cavities within the brain that are continuous with the central canal of the spinal cord. These cavities include two lateral ventricles, the third ventricle and the fourth ventricle. Cerebrospinal fluid fills the ventricles and is produced by the choroid plexus."" [GO_REF:0000021, GOC:cls, GOC:dgh, GOC:dph, GOC:jid, ISBN:0838580343]",19241,0.1,0.03125,query_1,"['GO:0007420', 'GO:0048731']"
GO:BP,GO:0043247,telomere maintenance in response to DNA damage,1,33,10,0.04429561067445214,0.045381936511047986,5499,True,"""Any process that occur in response to the presence of critically short or damaged telomeres."" [GOC:BHF, GOC:BHF_telomere, GOC:jbu, PMID:15279784]",19241,0.1,0.030303030303030304,query_1,"['GO:0000723', 'GO:0006974']"
GO:BP,GO:0070873,regulation of glycogen metabolic process,1,36,10,0.04729809873006414,0.047618763806200164,5499,True,"""Any process that modulates the frequency, rate or extent of the chemical reactions and pathways involving glycogen."" [GOC:mah]",19241,0.1,0.027777777777777776,query_1,"['GO:0005977', 'GO:0032881', 'GO:0043467']"
GO:BP,GO:0032885,regulation of polysaccharide biosynthetic process,1,36,10,0.04729809873006414,0.047618763806200164,5499,True,"""Any process that modulates the frequency, rate or extent of the chemical reactions and pathways resulting in the formation of polysaccharides."" [GOC:mah]",19241,0.1,0.027777777777777776,query_1,"['GO:0000271', 'GO:0010556', 'GO:0032881', 'GO:0043255']"
GO:BP,GO:0001975,response to amphetamine,1,36,10,0.04729809873006414,0.047618763806200164,2903,True,"""Any process that results in a change in state or activity of a cell or an organism (in terms of movement, secretion, enzyme production, gene expression, etc.) as a result of an amphetamine stimulus. Amphetamines consist of a group of compounds related to alpha-methylphenethylamine."" [GOC:dph, GOC:ef]",19241,0.1,0.027777777777777776,query_1,['GO:0014075']
GO:BP,GO:0001556,oocyte maturation,1,36,10,0.04729809873006414,0.047618763806200164,5518,True,"""A developmental process, independent of morphogenetic (shape) change, that is required for an oocyte to attain its fully functional state. Oocyte maturation commences after reinitiation of meiosis commonly starting with germinal vesicle breakdown, and continues up to the second meiotic arrest prior to fertilization."" [GOC:devbiol, https://www.ncbi.nlm.nih.gov/books/NBK279054/]",19241,0.1,0.027777777777777776,query_1,"['GO:0003006', 'GO:0048469', 'GO:0048599']"
GO:BP,GO:0007059,chromosome segregation,2,422,10,0.048737666041712174,0.04890232031888012,5501;5518,True,"""The process in which genetic material, in the form of chromosomes, is organized into specific structures and then physically separated and apportioned to two or more sets. In eukaryotes, chromosome segregation begins with the condensation of chromosomes, includes chromosome separation, and ends when chromosomes have completed movement to the spindle poles."" [GOC:jl, GOC:mah, GOC:mtg_cell_cycle, GOC:vw]",19241,0.2,0.004739336492890996,query_1,['GO:0022402']
GO:BP,GO:0060251,regulation of glial cell proliferation,1,38,10,0.04939583170328679,0.04939583170328679,5501,True,"""Any process that modulates the frequency, rate or extent of glial cell proliferation."" [GOC:dph, GOC:tb]",19241,0.1,0.02631578947368421,query_1,"['GO:0014009', 'GO:0042127']"
